Type	Name	# Requests	# Fails	Median (ms)	95%ile (ms)	99%ile (ms)	Average (ms)	Min (ms)	Max (ms)	Average size (bytes)	Current RPS	Current Failures/s
GET	/api/v1/attackers	37331	0	860	2800	3800	1130.72	2	8626	43	194.8	0
GET	/api/v1/attackers?search=brute&sort_by=recent	18631	0	1000	3100	4100	1328.24	3	8728	43	108.4	0
POST	/api/v1/auth/login	9220	0	1200	3200	6300	1533.78	178	16444	259	46.7	0
POST	/api/v1/auth/login [on_start]	1500	0	4400	12000	15000	5068.09	204	16481	259	0	0
GET	/api/v1/bounty	27619	0	490	1600	3000	588.08	1	8572	43	136.8	0
GET	/api/v1/config	14058	0	540	2000	3600	680.16	1	7108	214	70	0
GET	/api/v1/deckies	32497	0	440	1000	2900	523.44	1	10176	2	159	0
GET	/api/v1/health	13802	0	610	2100	4200	789.43	1	13735	337	71.2	0
GET	/api/v1/logs/histogram	23418	0	470	1200	2300	532.88	1	7582	125	116.4	0
GET	/api/v1/logs?limit=100&offset=0	24	0	760	2500	3700	1141.24	302	3708	37830	0.2	0
GET	/api/v1/logs?limit=100&offset=1	22	0	800	2100	2400	954.31	158	2417	36893	0.2	0
GET	/api/v1/logs?limit=100&offset=10	15	0	850	4100	4100	1202.09	317	4097	32590	0.1	0
GET	/api/v1/logs?limit=100&offset=100	30	0	760	2700	3500	1075.49	161	3517	47	0.2	0
GET	/api/v1/logs?limit=100&offset=1000	21	0	1100	2500	2800	1273.53	233	2797	48	0.2	0
GET	/api/v1/logs?limit=100&offset=101	20	0	790	2100	2100	858	165	2106	47	0	0
GET	/api/v1/logs?limit=100&offset=102	22	0	730	2100	3200	1012.39	308	3198	47	0.1	0
GET	/api/v1/logs?limit=100&offset=103	23	0	820	2200	2800	1023.35	80	2772	47	0.1	0
GET	/api/v1/logs?limit=100&offset=104	14	0	820	2700	2700	906.37	341	2708	47	0	0
GET	/api/v1/logs?limit=100&offset=105	20	0	740	3300	3300	1133.87	221	3348	47	0.2	0
GET	/api/v1/logs?limit=100&offset=106	18	0	830	2400	2400	1006.42	268	2386	47	0.1	0
GET	/api/v1/logs?limit=100&offset=107	20	0	900	3000	3000	1327.27	232	3032	47	0.1	0
GET	/api/v1/logs?limit=100&offset=108	16	0	950	4500	4500	1355.38	443	4521	47	0	0
GET	/api/v1/logs?limit=100&offset=109	16	0	820	2200	2200	982.99	231	2234	47	0.1	0
GET	/api/v1/logs?limit=100&offset=11	13	0	1200	3300	3300	1384.8	207	3326	32152	0.1	0
GET	/api/v1/logs?limit=100&offset=110	11	0	1100	3000	3000	1335.88	580	2991	47	0	0
GET	/api/v1/logs?limit=100&offset=111	21	0	740	2100	2200	903.46	44	2224	47	0.1	0
GET	/api/v1/logs?limit=100&offset=112	19	0	840	3400	3400	1106.06	168	3362	47	0	0
GET	/api/v1/logs?limit=100&offset=113	23	0	770	2400	2600	931.69	288	2643	47	0.1	0
GET	/api/v1/logs?limit=100&offset=114	14	0	930	2500	2500	1183.1	430	2513	47	0	0
GET	/api/v1/logs?limit=100&offset=115	14	0	870	3500	3500	1239.44	412	3452	47	0	0
GET	/api/v1/logs?limit=100&offset=116	20	0	810	3800	3800	1146.58	419	3824	47	0.2	0
GET	/api/v1/logs?limit=100&offset=117	14	0	1300	3100	3100	1321.58	155	3056	47	0	0
GET	/api/v1/logs?limit=100&offset=118	18	0	920	4900	4900	1149.89	98	4855	47	0.3	0
GET	/api/v1/logs?limit=100&offset=119	20	0	800	3100	3100	1188.43	99	3071	47	0.3	0
GET	/api/v1/logs?limit=100&offset=12	17	0	1000	3800	3800	1182.85	598	3760	31688	0.2	0
GET	/api/v1/logs?limit=100&offset=120	16	0	920	4600	4600	1400.39	391	4648	47	0.1	0
GET	/api/v1/logs?limit=100&offset=121	17	0	890	2900	2900	1081.35	291	2902	47	0.1	0
GET	/api/v1/logs?limit=100&offset=122	15	0	770	2800	2800	1009.1	112	2772	47	0.1	0
GET	/api/v1/logs?limit=100&offset=123	14	0	810	1900	1900	883.04	363	1924	47	0.1	0
GET	/api/v1/logs?limit=100&offset=124	20	0	820	2400	2400	1008.2	205	2379	47	0.6	0
GET	/api/v1/logs?limit=100&offset=125	24	0	940	2600	3100	1149.98	238	3119	47	0	0
GET	/api/v1/logs?limit=100&offset=126	20	0	920	3700	3700	1174.68	225	3726	47	0	0
GET	/api/v1/logs?limit=100&offset=127	13	0	620	2700	2700	783.37	76	2676	47	0	0
GET	/api/v1/logs?limit=100&offset=128	15	0	1300	5000	5000	1589.75	177	4976	47	0	0
GET	/api/v1/logs?limit=100&offset=129	12	0	670	4500	4500	1085.47	295	4492	47	0.1	0
GET	/api/v1/logs?limit=100&offset=13	16	0	650	1800	1800	905.79	137	1819	30974	0	0
GET	/api/v1/logs?limit=100&offset=130	20	0	770	2000	2000	942.54	67	2048	47	0	0
GET	/api/v1/logs?limit=100&offset=131	25	0	940	2800	3300	1119.11	182	3340	47	0.3	0
GET	/api/v1/logs?limit=100&offset=132	18	0	1000	1700	1700	972.41	212	1724	47	0	0
GET	/api/v1/logs?limit=100&offset=133	17	0	960	3500	3500	1334.52	306	3544	47	0.3	0
GET	/api/v1/logs?limit=100&offset=134	12	0	840	1700	1700	953.16	130	1655	47	0.2	0
GET	/api/v1/logs?limit=100&offset=135	14	0	930	3700	3700	1437.01	97	3710	47	0	0
GET	/api/v1/logs?limit=100&offset=136	26	0	840	1900	2600	1049.81	336	2645	47	0.1	0
GET	/api/v1/logs?limit=100&offset=137	16	0	690	2800	2800	934.44	219	2780	47	0	0
GET	/api/v1/logs?limit=100&offset=138	25	0	910	2400	2500	1036.58	523	2469	47	0.1	0
GET	/api/v1/logs?limit=100&offset=139	23	0	1100	2400	2500	1237.61	272	2549	47	0	0
GET	/api/v1/logs?limit=100&offset=14	22	0	720	3100	5300	1215.92	151	5274	30514	0	0
GET	/api/v1/logs?limit=100&offset=140	20	0	950	3100	3100	1168.92	153	3101	47	0.1	0
GET	/api/v1/logs?limit=100&offset=141	18	0	1200	3100	3100	1462.32	477	3141	47	0.3	0
GET	/api/v1/logs?limit=100&offset=142	15	0	860	2600	2600	1199.98	4	2559	47	0.1	0
GET	/api/v1/logs?limit=100&offset=143	12	0	790	3000	3000	1058.39	179	2986	47	0	0
GET	/api/v1/logs?limit=100&offset=144	14	0	940	2200	2200	1062.13	360	2197	47	0.1	0
GET	/api/v1/logs?limit=100&offset=145	21	0	1000	2500	2700	1152.59	317	2729	47	0.1	0
GET	/api/v1/logs?limit=100&offset=146	22	0	770	1600	2600	918.96	178	2583	47	0	0
GET	/api/v1/logs?limit=100&offset=147	20	0	800	1600	1600	851.46	218	1633	47	0	0
GET	/api/v1/logs?limit=100&offset=148	14	0	790	2900	2900	1153.33	172	2903	47	0	0
GET	/api/v1/logs?limit=100&offset=149	15	0	710	2200	2200	867.03	297	2186	47	0.3	0
GET	/api/v1/logs?limit=100&offset=15	19	0	1100	3400	3400	1228.86	439	3357	30054	0.2	0
GET	/api/v1/logs?limit=100&offset=150	21	0	1000	1800	4100	1194.49	602	4094	47	0.1	0
GET	/api/v1/logs?limit=100&offset=151	18	0	910	4300	4300	1385.26	193	4257	47	0	0
GET	/api/v1/logs?limit=100&offset=152	14	0	970	3300	3300	1382.44	374	3260	47	0.1	0
GET	/api/v1/logs?limit=100&offset=153	11	0	810	2100	2100	967.86	122	2122	47	0	0
GET	/api/v1/logs?limit=100&offset=154	14	0	870	3500	3500	1259.94	575	3466	47	0.1	0
GET	/api/v1/logs?limit=100&offset=155	9	0	700	2800	2800	917.77	184	2830	47	0.1	0
GET	/api/v1/logs?limit=100&offset=156	17	0	770	3100	3100	1213.05	338	3067	47	0.2	0
GET	/api/v1/logs?limit=100&offset=157	26	0	910	3100	3800	1261.99	162	3801	47	0	0
GET	/api/v1/logs?limit=100&offset=158	18	0	760	1600	1600	858.43	252	1594	47	0.3	0
GET	/api/v1/logs?limit=100&offset=159	17	0	940	3000	3000	1193.43	370	3001	47	0.1	0
GET	/api/v1/logs?limit=100&offset=16	19	0	1100	3900	3900	1311.55	323	3871	29590	0.1	0
GET	/api/v1/logs?limit=100&offset=160	13	0	1300	4200	4200	1586.14	133	4162	47	0	0
GET	/api/v1/logs?limit=100&offset=161	17	0	1300	2800	2800	1370.88	446	2837	47	0	0
GET	/api/v1/logs?limit=100&offset=162	25	0	870	2200	2200	1035.05	180	2210	47	0	0
GET	/api/v1/logs?limit=100&offset=163	17	0	940	3700	3700	1426.81	125	3655	47	0.1	0
GET	/api/v1/logs?limit=100&offset=164	16	0	800	4900	4900	1124.09	101	4865	47	0.1	0
GET	/api/v1/logs?limit=100&offset=165	13	0	1000	4500	4500	1502.36	376	4492	47	0	0
GET	/api/v1/logs?limit=100&offset=166	22	0	990	3500	4800	1459.18	61	4835	47	0	0
GET	/api/v1/logs?limit=100&offset=167	13	0	850	3300	3300	1101.88	143	3346	47	0.1	0
GET	/api/v1/logs?limit=100&offset=168	21	0	930	2600	3100	1238.99	157	3052	47	0.1	0
GET	/api/v1/logs?limit=100&offset=169	14	0	660	4300	4300	1007.22	73	4285	47	0.1	0
GET	/api/v1/logs?limit=100&offset=17	12	0	820	2300	2300	1121.84	527	2261	29144	0	0
GET	/api/v1/logs?limit=100&offset=170	19	0	850	1700	1700	966.51	233	1718	47	0.1	0
GET	/api/v1/logs?limit=100&offset=171	15	0	1400	3800	3800	1401.82	245	3843	47	0	0
GET	/api/v1/logs?limit=100&offset=172	19	0	850	3600	3600	1257.07	381	3567	47	0.1	0
GET	/api/v1/logs?limit=100&offset=173	20	0	770	3100	3100	1122.25	295	3114	47	0.3	0
GET	/api/v1/logs?limit=100&offset=174	19	0	790	1800	1800	964.61	67	1842	47	0	0
GET	/api/v1/logs?limit=100&offset=175	12	0	1300	3600	3600	1534.58	596	3596	47	0.2	0
GET	/api/v1/logs?limit=100&offset=176	16	0	760	2100	2100	910.43	206	2087	47	0.1	0
GET	/api/v1/logs?limit=100&offset=177	21	0	1100	4200	4700	1658.36	202	4653	47	0.2	0
GET	/api/v1/logs?limit=100&offset=178	18	0	680	3800	3800	927.89	133	3766	47	0.2	0
GET	/api/v1/logs?limit=100&offset=179	20	0	940	3900	3900	1314.44	179	3873	47	0	0
GET	/api/v1/logs?limit=100&offset=18	15	0	770	2400	2400	980.45	246	2384	28680	0.1	0
GET	/api/v1/logs?limit=100&offset=180	21	0	1000	1700	2200	1097.7	464	2210	47	0	0
GET	/api/v1/logs?limit=100&offset=181	27	0	750	2300	2700	966.44	49	2674	47	0	0
GET	/api/v1/logs?limit=100&offset=182	21	0	950	5100	9700	1727.85	339	9706	47	0.1	0
GET	/api/v1/logs?limit=100&offset=183	23	0	840	2400	2800	987.54	121	2776	47	0	0
GET	/api/v1/logs?limit=100&offset=184	20	0	1100	2700	2700	1351.44	359	2658	47	0.1	0
GET	/api/v1/logs?limit=100&offset=185	12	0	860	3500	3500	1163	468	3494	47	0	0
GET	/api/v1/logs?limit=100&offset=186	17	0	800	2800	2800	998	163	2812	47	0.2	0
GET	/api/v1/logs?limit=100&offset=187	15	0	800	2500	2500	1013.04	436	2479	47	0	0
GET	/api/v1/logs?limit=100&offset=188	20	0	880	3500	3500	1295.8	151	3465	47	0.1	0
GET	/api/v1/logs?limit=100&offset=189	22	0	1200	2500	2900	1205.59	92	2931	47	0	0
GET	/api/v1/logs?limit=100&offset=19	13	0	880	3000	3000	1236.65	389	2979	28234	0	0
GET	/api/v1/logs?limit=100&offset=190	13	0	860	2200	2200	973.74	134	2166	47	0	0
GET	/api/v1/logs?limit=100&offset=191	13	0	830	3700	3700	1249.61	307	3663	47	0	0
GET	/api/v1/logs?limit=100&offset=192	15	0	960	3600	3600	1336.7	253	3620	47	0.1	0
GET	/api/v1/logs?limit=100&offset=193	16	0	800	2400	2400	1094.08	470	2423	47	0.3	0
GET	/api/v1/logs?limit=100&offset=194	17	0	1400	3000	3000	1484.75	488	3003	47	0.1	0
GET	/api/v1/logs?limit=100&offset=195	17	0	850	2800	2800	1054.88	120	2763	47	0	0
GET	/api/v1/logs?limit=100&offset=196	17	0	700	3700	3700	1106.38	46	3722	47	0.1	0
GET	/api/v1/logs?limit=100&offset=197	19	0	830	4200	4200	1320.88	278	4197	47	0	0
GET	/api/v1/logs?limit=100&offset=198	18	0	1300	5600	5600	1924.18	365	5646	47	0	0
GET	/api/v1/logs?limit=100&offset=199	20	0	740	2500	2500	892.8	324	2474	47	0.1	0
GET	/api/v1/logs?limit=100&offset=2	12	0	1500	7800	7800	2067.38	530	7783	36489	0	0
GET	/api/v1/logs?limit=100&offset=20	23	0	840	1200	1500	827.17	67	1508	27784	0.1	0
GET	/api/v1/logs?limit=100&offset=200	19	0	720	2300	2300	823.32	310	2326	47	0	0
GET	/api/v1/logs?limit=100&offset=201	23	0	930	3000	3400	1187.07	201	3447	47	0.2	0
GET	/api/v1/logs?limit=100&offset=202	26	0	790	3000	3000	1098.46	100	3036	47	0.2	0
GET	/api/v1/logs?limit=100&offset=203	22	0	870	1800	2300	962.49	258	2290	47	0.2	0
GET	/api/v1/logs?limit=100&offset=204	10	0	840	2200	2200	895.42	297	2230	47	0.1	0
GET	/api/v1/logs?limit=100&offset=205	20	0	860	3200	3200	1165.02	287	3208	47	0.1	0
GET	/api/v1/logs?limit=100&offset=206	20	0	750	3300	3300	1082.67	284	3332	47	0	0
GET	/api/v1/logs?limit=100&offset=207	18	0	800	1700	1700	893.54	236	1666	47	0	0
GET	/api/v1/logs?limit=100&offset=208	21	0	820	2200	4300	1102.13	93	4293	47	0.2	0
GET	/api/v1/logs?limit=100&offset=209	22	0	910	2400	3100	1279.57	462	3140	47	0	0
GET	/api/v1/logs?limit=100&offset=21	10	0	700	3900	3900	1233.98	353	3906	27290	0	0
GET	/api/v1/logs?limit=100&offset=210	24	0	740	1600	1800	883.93	129	1811	47	0.2	0
GET	/api/v1/logs?limit=100&offset=211	25	0	760	4100	4600	1252.04	48	4593	47	0	0
GET	/api/v1/logs?limit=100&offset=212	7	0	1100	3500	3500	1306.82	493	3543	47	0.1	0
GET	/api/v1/logs?limit=100&offset=213	17	0	900	4000	4000	1108.36	229	4008	47	0.1	0
GET	/api/v1/logs?limit=100&offset=214	12	0	860	2300	2300	1016.16	490	2251	47	0	0
GET	/api/v1/logs?limit=100&offset=215	21	0	790	3300	4700	1397.5	464	4734	47	0.1	0
GET	/api/v1/logs?limit=100&offset=216	22	0	880	2500	3100	1186.68	124	3085	47	0.1	0
GET	/api/v1/logs?limit=100&offset=217	19	0	790	2200	2200	1003.66	400	2181	47	0	0
GET	/api/v1/logs?limit=100&offset=218	19	0	810	2500	2500	992.36	350	2498	47	0.4	0
GET	/api/v1/logs?limit=100&offset=219	18	0	800	2900	2900	1071.26	462	2925	47	0	0
GET	/api/v1/logs?limit=100&offset=22	24	0	730	2900	3200	1111.67	371	3160	26810	0.1	0
GET	/api/v1/logs?limit=100&offset=220	13	0	710	2300	2300	877.49	109	2284	47	0	0
GET	/api/v1/logs?limit=100&offset=221	18	0	930	3100	3100	1151.92	540	3139	47	0.1	0
GET	/api/v1/logs?limit=100&offset=222	20	0	900	3200	3200	1201.45	302	3225	47	0.2	0
GET	/api/v1/logs?limit=100&offset=223	16	0	740	2200	2200	940.86	238	2195	47	0.1	0
GET	/api/v1/logs?limit=100&offset=224	23	0	870	3600	3600	1467.5	394	3640	47	0	0
GET	/api/v1/logs?limit=100&offset=225	19	0	850	4600	4600	1298.88	475	4633	47	0.1	0
GET	/api/v1/logs?limit=100&offset=226	15	0	1100	2500	2500	1233.26	226	2512	47	0.2	0
GET	/api/v1/logs?limit=100&offset=227	21	0	1100	3400	3600	1344.99	163	3555	47	0.1	0
GET	/api/v1/logs?limit=100&offset=228	17	0	830	2300	2300	1086.09	178	2302	47	0	0
GET	/api/v1/logs?limit=100&offset=229	15	0	790	2500	2500	1063.93	213	2474	47	0	0
GET	/api/v1/logs?limit=100&offset=23	21	0	720	1700	2100	756.23	90	2054	26332	0	0
GET	/api/v1/logs?limit=100&offset=230	18	0	500	2500	2500	669.21	105	2524	47	0	0
GET	/api/v1/logs?limit=100&offset=231	25	0	840	2200	2600	1080.19	321	2552	47	0	0
GET	/api/v1/logs?limit=100&offset=232	13	0	790	1500	1500	869.37	541	1491	47	0	0
GET	/api/v1/logs?limit=100&offset=233	18	0	780	3300	3300	1106.79	117	3331	47	0.2	0
GET	/api/v1/logs?limit=100&offset=234	10	0	680	1900	1900	838.13	120	1851	47	0	0
GET	/api/v1/logs?limit=100&offset=235	20	0	770	3900	3900	1124.31	36	3939	47	0	0
GET	/api/v1/logs?limit=100&offset=236	21	0	890	1800	2300	1083.51	449	2266	47	0.1	0
GET	/api/v1/logs?limit=100&offset=237	17	0	790	3200	3200	1076.14	453	3185	47	0	0
GET	/api/v1/logs?limit=100&offset=238	18	0	790	3500	3500	1214.37	212	3520	47	0	0
GET	/api/v1/logs?limit=100&offset=239	17	0	850	3200	3200	1276.01	49	3205	47	0.2	0
GET	/api/v1/logs?limit=100&offset=24	21	0	1000	2400	3700	1267.13	139	3671	25856	0.1	0
GET	/api/v1/logs?limit=100&offset=240	15	0	810	4200	4200	1286.06	359	4211	47	0.1	0
GET	/api/v1/logs?limit=100&offset=241	23	0	840	4100	6500	1374.89	205	6465	47	0.1	0
GET	/api/v1/logs?limit=100&offset=242	11	0	740	2000	2000	898.86	85	1962	47	0.1	0
GET	/api/v1/logs?limit=100&offset=243	16	0	830	2700	2700	1038.67	83	2738	47	0.2	0
GET	/api/v1/logs?limit=100&offset=244	19	0	780	2200	2200	945.2	94	2210	47	0	0
GET	/api/v1/logs?limit=100&offset=245	17	0	840	2200	2200	1026.7	246	2243	47	0	0
GET	/api/v1/logs?limit=100&offset=246	16	0	820	1700	1700	894.27	426	1748	47	0.2	0
GET	/api/v1/logs?limit=100&offset=247	14	0	750	2400	2400	972.65	270	2439	47	0.1	0
GET	/api/v1/logs?limit=100&offset=248	18	0	800	2000	2000	902.55	239	1964	47	0.1	0
GET	/api/v1/logs?limit=100&offset=249	12	0	990	2300	2300	1069.81	83	2304	47	0	0
GET	/api/v1/logs?limit=100&offset=25	21	0	1000	2400	2700	1179.17	93	2729	25329	0.1	0
GET	/api/v1/logs?limit=100&offset=250	12	0	860	3500	3500	1326.28	429	3538	47	0.1	0
GET	/api/v1/logs?limit=100&offset=251	13	0	840	2100	2100	942.92	147	2101	47	0.1	0
GET	/api/v1/logs?limit=100&offset=252	23	0	760	2100	3000	1050.19	396	3029	47	0.3	0
GET	/api/v1/logs?limit=100&offset=253	18	0	1100	3100	3100	1433.5	488	3066	47	0.2	0
GET	/api/v1/logs?limit=100&offset=254	20	0	820	3400	3400	1194.44	263	3388	47	0	0
GET	/api/v1/logs?limit=100&offset=255	20	0	850	2600	2600	1041.39	472	2575	47	0.1	0
GET	/api/v1/logs?limit=100&offset=256	20	0	750	3500	3500	983.49	321	3495	47	0	0
GET	/api/v1/logs?limit=100&offset=257	20	0	1100	3100	3100	1315.8	116	3109	47	0	0
GET	/api/v1/logs?limit=100&offset=258	21	0	780	1700	2000	847.22	152	1967	47	0.1	0
GET	/api/v1/logs?limit=100&offset=259	28	0	780	3800	4100	1262.49	563	4100	47	0.3	0
GET	/api/v1/logs?limit=100&offset=26	19	0	920	3300	3300	1156.13	81	3343	24880	0.2	0
GET	/api/v1/logs?limit=100&offset=260	19	0	710	2500	2500	914.03	226	2457	47	0	0
GET	/api/v1/logs?limit=100&offset=261	23	0	860	3400	3900	1236.92	382	3875	47	0.4	0
GET	/api/v1/logs?limit=100&offset=262	18	0	1400	3100	3100	1429.38	506	3144	47	0.1	0
GET	/api/v1/logs?limit=100&offset=263	18	0	700	2500	2500	999.6	269	2549	47	0.1	0
GET	/api/v1/logs?limit=100&offset=264	21	0	1300	2400	2700	1324.19	363	2718	47	0.1	0
GET	/api/v1/logs?limit=100&offset=265	17	0	850	2500	2500	1021.04	127	2492	47	0.2	0
GET	/api/v1/logs?limit=100&offset=266	19	0	740	3600	3600	958.09	462	3613	47	0.1	0
GET	/api/v1/logs?limit=100&offset=267	21	0	690	2100	5000	1005.09	82	4970	47	0.2	0
GET	/api/v1/logs?limit=100&offset=268	18	0	1100	2900	2900	1204.69	481	2906	47	0.1	0
GET	/api/v1/logs?limit=100&offset=269	15	0	770	2000	2000	834.1	374	1987	47	0.2	0
GET	/api/v1/logs?limit=100&offset=27	15	0	1200	3300	3300	1228.28	454	3313	24402	0.1	0
GET	/api/v1/logs?limit=100&offset=270	20	0	840	2400	2400	1149.81	264	2355	47	0	0
GET	/api/v1/logs?limit=100&offset=271	21	0	1200	3400	3400	1378.33	180	3419	47	0.1	0
GET	/api/v1/logs?limit=100&offset=272	19	0	1100	2800	2800	1329.34	376	2781	47	0.1	0
GET	/api/v1/logs?limit=100&offset=273	18	0	860	2500	2500	1042.92	346	2514	47	0.1	0
GET	/api/v1/logs?limit=100&offset=274	11	0	910	7400	7400	1646.56	416	7352	47	0	0
GET	/api/v1/logs?limit=100&offset=275	21	0	890	3000	3200	1222.06	228	3201	47	0.2	0
GET	/api/v1/logs?limit=100&offset=276	19	0	1200	3800	3800	1492.76	248	3778	47	0	0
GET	/api/v1/logs?limit=100&offset=277	22	0	880	2100	2400	1133.85	137	2443	47	0	0
GET	/api/v1/logs?limit=100&offset=278	19	0	990	4300	4300	1347.27	447	4287	47	0	0
GET	/api/v1/logs?limit=100&offset=279	14	0	880	2900	2900	1169.6	235	2882	47	0.2	0
GET	/api/v1/logs?limit=100&offset=28	24	0	920	3200	3200	1377.67	192	3205	23918	0.1	0
GET	/api/v1/logs?limit=100&offset=280	15	0	840	2400	2400	993.5	37	2429	47	0	0
GET	/api/v1/logs?limit=100&offset=281	15	0	1000	2200	2200	1221.76	337	2224	47	0.1	0
GET	/api/v1/logs?limit=100&offset=282	13	0	940	1500	1500	887.91	321	1489	47	0.1	0
GET	/api/v1/logs?limit=100&offset=283	18	0	930	3200	3200	1305.66	471	3180	47	0	0
GET	/api/v1/logs?limit=100&offset=284	13	0	1100	1700	1700	1156.52	561	1679	47	0.2	0
GET	/api/v1/logs?limit=100&offset=285	18	0	760	2400	2400	1092.85	321	2444	47	0.1	0
GET	/api/v1/logs?limit=100&offset=286	25	0	900	2300	2600	1126.06	237	2566	47	0.2	0
GET	/api/v1/logs?limit=100&offset=287	17	0	930	2600	2600	1056.75	51	2562	47	0	0
GET	/api/v1/logs?limit=100&offset=288	27	0	780	2900	3100	1172.47	158	3114	47	0.4	0
GET	/api/v1/logs?limit=100&offset=289	19	0	840	1900	1900	998.59	383	1925	47	0.1	0
GET	/api/v1/logs?limit=100&offset=29	22	0	880	1800	2400	1014.37	258	2437	23438	0.2	0
GET	/api/v1/logs?limit=100&offset=290	13	0	890	1700	1700	898.48	467	1686	47	0.1	0
GET	/api/v1/logs?limit=100&offset=291	27	0	740	3400	4800	1245.41	209	4831	47	0	0
GET	/api/v1/logs?limit=100&offset=292	13	0	790	4300	4300	1224.38	347	4324	47	0.1	0
GET	/api/v1/logs?limit=100&offset=293	16	0	790	4800	4800	1213.53	131	4768	47	0.1	0
GET	/api/v1/logs?limit=100&offset=294	18	0	780	3400	3400	1075.57	488	3368	47	0.2	0
GET	/api/v1/logs?limit=100&offset=295	28	0	790	2500	3300	1104.18	106	3277	47	0.2	0
GET	/api/v1/logs?limit=100&offset=296	17	0	840	3100	3100	1257.03	99	3057	47	0.1	0
GET	/api/v1/logs?limit=100&offset=297	21	0	990	4100	4900	1454.67	342	4903	47	0.2	0
GET	/api/v1/logs?limit=100&offset=298	23	0	880	3100	3300	1274.63	280	3266	47	0.1	0
GET	/api/v1/logs?limit=100&offset=299	18	0	800	3200	3200	1007.99	264	3184	47	0.1	0
GET	/api/v1/logs?limit=100&offset=3	15	0	750	3000	3000	1146.29	283	3043	36031	0	0
GET	/api/v1/logs?limit=100&offset=30	16	0	680	1400	1400	731.35	107	1441	22960	0	0
GET	/api/v1/logs?limit=100&offset=300	17	0	1200	4800	4800	1514.19	675	4835	47	0.1	0
GET	/api/v1/logs?limit=100&offset=301	27	0	750	2200	2500	930.82	205	2498	47	0	0
GET	/api/v1/logs?limit=100&offset=302	17	0	840	4000	4000	1290.67	408	4006	47	0	0
GET	/api/v1/logs?limit=100&offset=303	21	0	1100	2700	4100	1371.33	386	4078	47	0.1	0
GET	/api/v1/logs?limit=100&offset=304	15	0	810	1300	1300	784.51	250	1337	47	0.1	0
GET	/api/v1/logs?limit=100&offset=305	17	0	1200	3300	3300	1401.66	306	3260	47	0	0
GET	/api/v1/logs?limit=100&offset=306	16	0	710	1900	1900	832.9	111	1865	47	0.1	0
GET	/api/v1/logs?limit=100&offset=307	14	0	720	1500	1500	912.98	447	1533	47	0	0
GET	/api/v1/logs?limit=100&offset=308	11	0	820	1800	1800	931.99	222	1831	47	0	0
GET	/api/v1/logs?limit=100&offset=309	15	0	830	2900	2900	1244.34	210	2918	47	0	0
GET	/api/v1/logs?limit=100&offset=31	14	0	880	3700	3700	1168.16	247	3676	22476	0.1	0
GET	/api/v1/logs?limit=100&offset=310	16	0	810	4000	4000	1107.01	240	3973	47	0.1	0
GET	/api/v1/logs?limit=100&offset=311	15	0	1000	2800	2800	1281.69	624	2789	47	0.1	0
GET	/api/v1/logs?limit=100&offset=312	18	0	950	3600	3600	1324.96	505	3649	47	0.1	0
GET	/api/v1/logs?limit=100&offset=313	15	0	750	4100	4100	1136.82	419	4101	47	0.2	0
GET	/api/v1/logs?limit=100&offset=314	17	0	700	1900	1900	853.88	328	1863	47	0.2	0
GET	/api/v1/logs?limit=100&offset=315	18	0	810	3500	3500	1188.52	46	3455	47	0.1	0
GET	/api/v1/logs?limit=100&offset=316	18	0	750	2700	2700	851.78	169	2676	47	0	0
GET	/api/v1/logs?limit=100&offset=317	22	0	860	2500	2500	1097.2	329	2470	47	0.3	0
GET	/api/v1/logs?limit=100&offset=318	19	0	780	2700	2700	971.94	181	2728	47	0.3	0
GET	/api/v1/logs?limit=100&offset=319	10	0	660	1500	1500	764.14	267	1468	47	0	0
GET	/api/v1/logs?limit=100&offset=32	16	0	790	1700	1700	955.16	48	1720	22018	0.1	0
GET	/api/v1/logs?limit=100&offset=320	22	0	730	2400	3000	1015.46	228	2999	47	0.1	0
GET	/api/v1/logs?limit=100&offset=321	10	0	800	3300	3300	1076.53	192	3289	47	0	0
GET	/api/v1/logs?limit=100&offset=322	22	0	710	2800	3000	1066.13	137	2964	47	0.1	0
GET	/api/v1/logs?limit=100&offset=323	20	0	950	1800	1800	878.76	362	1797	47	0	0
GET	/api/v1/logs?limit=100&offset=324	14	0	710	3400	3400	1000.41	166	3372	47	0	0
GET	/api/v1/logs?limit=100&offset=325	12	0	830	2800	2800	1268.9	423	2818	47	0	0
GET	/api/v1/logs?limit=100&offset=326	14	0	890	3200	3200	1135.16	537	3190	47	0.2	0
GET	/api/v1/logs?limit=100&offset=327	12	0	800	1500	1500	944.32	447	1475	47	0.2	0
GET	/api/v1/logs?limit=100&offset=328	25	0	1000	2200	2800	1168.8	155	2752	47	0.3	0
GET	/api/v1/logs?limit=100&offset=329	15	0	880	1400	1400	887.88	532	1352	47	0.1	0
GET	/api/v1/logs?limit=100&offset=33	24	0	840	2400	2800	1079.22	338	2818	21490	0.1	0
GET	/api/v1/logs?limit=100&offset=330	18	0	780	4100	4100	1297.35	325	4108	47	0.2	0
GET	/api/v1/logs?limit=100&offset=331	21	0	670	3700	5000	1042.85	212	4959	47	0.1	0
GET	/api/v1/logs?limit=100&offset=332	18	0	760	2600	2600	1027.06	408	2610	47	0.2	0
GET	/api/v1/logs?limit=100&offset=333	13	0	1100	3300	3300	1383.5	268	3283	47	0	0
GET	/api/v1/logs?limit=100&offset=334	17	0	870	2800	2800	948.33	206	2777	47	0.1	0
GET	/api/v1/logs?limit=100&offset=335	17	0	730	4900	4900	1096.91	110	4869	47	0	0
GET	/api/v1/logs?limit=100&offset=336	17	0	890	4200	4200	1419.55	349	4184	47	0	0
GET	/api/v1/logs?limit=100&offset=337	13	0	900	4400	4400	1309.1	174	4376	47	0.2	0
GET	/api/v1/logs?limit=100&offset=338	21	0	940	3100	3600	1306.81	262	3551	47	0.1	0
GET	/api/v1/logs?limit=100&offset=339	16	0	810	3100	3100	1097.8	156	3112	47	0	0
GET	/api/v1/logs?limit=100&offset=34	17	0	820	3900	3900	1083.19	202	3859	21038	0.1	0
GET	/api/v1/logs?limit=100&offset=340	28	0	870	3400	3500	1155.76	199	3529	47	0.1	0
GET	/api/v1/logs?limit=100&offset=341	22	0	800	2600	3300	1095.81	305	3325	47	0.3	0
GET	/api/v1/logs?limit=100&offset=342	9	0	1100	2500	2500	1346.63	606	2536	47	0.2	0
GET	/api/v1/logs?limit=100&offset=343	18	0	920	4300	4300	1241.96	278	4264	47	0.1	0
GET	/api/v1/logs?limit=100&offset=344	13	0	890	3000	3000	1219.54	239	3016	47	0	0
GET	/api/v1/logs?limit=100&offset=345	19	0	860	3700	3700	1260.51	459	3662	47	0.3	0
GET	/api/v1/logs?limit=100&offset=346	18	0	770	4600	4600	1157.75	175	4575	47	0.2	0
GET	/api/v1/logs?limit=100&offset=347	20	0	750	1700	1700	788.51	206	1716	47	0	0
GET	/api/v1/logs?limit=100&offset=348	15	0	640	2700	2700	955.85	79	2742	47	0	0
GET	/api/v1/logs?limit=100&offset=349	18	0	790	1700	1700	874.4	179	1671	47	0	0
GET	/api/v1/logs?limit=100&offset=35	12	0	820	2400	2400	1094.23	67	2351	20488	0	0
GET	/api/v1/logs?limit=100&offset=350	20	0	960	4200	4200	1326.9	115	4213	47	0.1	0
GET	/api/v1/logs?limit=100&offset=351	17	0	840	3800	3800	1374.43	241	3841	47	0.1	0
GET	/api/v1/logs?limit=100&offset=352	25	0	880	4500	5000	1294.62	275	4984	47	0.4	0
GET	/api/v1/logs?limit=100&offset=353	24	0	870	1900	3000	1007.68	75	3001	47	0.2	0
GET	/api/v1/logs?limit=100&offset=354	11	0	1300	3600	3600	1325.04	221	3635	47	0.1	0
GET	/api/v1/logs?limit=100&offset=355	19	0	720	4600	4600	1286.34	306	4627	47	0.2	0
GET	/api/v1/logs?limit=100&offset=356	22	0	910	3000	4400	1232.23	108	4427	47	0.1	0
GET	/api/v1/logs?limit=100&offset=357	20	0	830	3100	3100	966.58	357	3129	47	0.1	0
GET	/api/v1/logs?limit=100&offset=358	16	0	770	2900	2900	1222.43	355	2909	47	0	0
GET	/api/v1/logs?limit=100&offset=359	13	0	660	1800	1800	820.37	505	1764	47	0.2	0
GET	/api/v1/logs?limit=100&offset=36	20	0	780	3100	3100	1196.47	466	3100	20002	0	0
GET	/api/v1/logs?limit=100&offset=360	18	0	860	2200	2200	919.28	373	2215	47	0.1	0
GET	/api/v1/logs?limit=100&offset=361	22	0	690	2400	3100	1019.54	276	3115	47	0.1	0
GET	/api/v1/logs?limit=100&offset=362	24	0	1100	2800	3200	1351.4	418	3167	47	0.1	0
GET	/api/v1/logs?limit=100&offset=363	24	0	840	2400	3600	1042.54	87	3649	47	0	0
GET	/api/v1/logs?limit=100&offset=364	27	0	950	3100	3200	1162.07	148	3180	47	0.1	0
GET	/api/v1/logs?limit=100&offset=365	15	0	950	3600	3600	1077.57	575	3563	47	0.1	0
GET	/api/v1/logs?limit=100&offset=366	20	0	770	3000	3000	1170.36	271	2984	47	0.3	0
GET	/api/v1/logs?limit=100&offset=367	22	0	1100	2500	2500	1250.83	333	2540	47	0.1	0
GET	/api/v1/logs?limit=100&offset=368	26	0	840	2500	2500	1095.77	261	2507	47	0	0
GET	/api/v1/logs?limit=100&offset=369	16	0	810	2200	2200	1078.09	524	2202	47	0.3	0
GET	/api/v1/logs?limit=100&offset=37	20	0	940	2600	2600	1026.27	157	2639	19552	0.1	0
GET	/api/v1/logs?limit=100&offset=370	22	0	850	2700	3000	1138.04	215	2971	47	0	0
GET	/api/v1/logs?limit=100&offset=371	19	0	940	3800	3800	1276.35	247	3793	47	0	0
GET	/api/v1/logs?limit=100&offset=372	13	0	830	4600	4600	1462.09	544	4646	47	0.1	0
GET	/api/v1/logs?limit=100&offset=373	20	0	840	3200	3200	1045.12	70	3170	47	0.2	0
GET	/api/v1/logs?limit=100&offset=374	19	0	930	2700	2700	1069.67	141	2731	47	0	0
GET	/api/v1/logs?limit=100&offset=375	17	0	690	3000	3000	995.37	170	3002	47	0.1	0
GET	/api/v1/logs?limit=100&offset=376	14	0	640	3300	3300	886.5	276	3258	47	0.1	0
GET	/api/v1/logs?limit=100&offset=377	14	0	870	2500	2500	1169.11	179	2472	47	0.3	0
GET	/api/v1/logs?limit=100&offset=378	10	0	590	3400	3400	1160.61	319	3364	47	0	0
GET	/api/v1/logs?limit=100&offset=379	28	0	770	2400	2500	1025.96	87	2472	47	0.2	0
GET	/api/v1/logs?limit=100&offset=38	13	0	960	2800	2800	1303.77	395	2786	19010	0	0
GET	/api/v1/logs?limit=100&offset=380	15	0	900	2500	2500	938.5	77	2494	47	0	0
GET	/api/v1/logs?limit=100&offset=381	14	0	810	2500	2500	967.21	97	2468	47	0	0
GET	/api/v1/logs?limit=100&offset=382	21	0	1000	2700	4800	1331.33	133	4834	47	0.2	0
GET	/api/v1/logs?limit=100&offset=383	16	0	800	2000	2000	901.38	66	1970	47	0.1	0
GET	/api/v1/logs?limit=100&offset=384	17	0	780	4200	4200	1123.94	243	4227	47	0.1	0
GET	/api/v1/logs?limit=100&offset=385	20	0	910	3300	3300	1239.74	332	3319	47	0.2	0
GET	/api/v1/logs?limit=100&offset=386	15	0	790	3200	3200	1098.27	188	3224	47	0	0
GET	/api/v1/logs?limit=100&offset=387	21	0	660	2500	3800	1072.19	461	3765	47	0	0
GET	/api/v1/logs?limit=100&offset=388	24	0	820	2500	4100	1146.12	171	4090	47	0.2	0
GET	/api/v1/logs?limit=100&offset=389	15	0	830	1700	1700	798.57	58	1724	47	0.1	0
GET	/api/v1/logs?limit=100&offset=39	15	0	980	3200	3200	1207.3	604	3230	18526	0.1	0
GET	/api/v1/logs?limit=100&offset=390	12	0	860	2300	2300	1191.27	354	2273	47	0.2	0
GET	/api/v1/logs?limit=100&offset=391	14	0	940	3100	3100	1168.21	111	3087	47	0.1	0
GET	/api/v1/logs?limit=100&offset=392	11	0	700	2700	2700	1077.89	320	2690	47	0.1	0
GET	/api/v1/logs?limit=100&offset=393	12	0	820	2700	2700	1180.96	217	2724	47	0	0
GET	/api/v1/logs?limit=100&offset=394	17	0	810	3300	3300	1128.99	468	3265	47	0.1	0
GET	/api/v1/logs?limit=100&offset=395	17	0	790	3000	3000	1087.59	547	3034	47	0.1	0
GET	/api/v1/logs?limit=100&offset=396	9	0	840	2300	2300	1159.43	166	2268	47	0	0
GET	/api/v1/logs?limit=100&offset=397	10	0	750	2400	2400	979.63	603	2402	47	0	0
GET	/api/v1/logs?limit=100&offset=398	17	0	840	5500	5500	1360	335	5469	47	0	0
GET	/api/v1/logs?limit=100&offset=399	21	0	790	2200	5000	1016.56	40	5044	47	0.2	0
GET	/api/v1/logs?limit=100&offset=4	16	0	970	2600	2600	1005.64	399	2567	35565	0.3	0
GET	/api/v1/logs?limit=100&offset=40	22	0	730	1800	2100	823.13	80	2078	18066	0.2	0
GET	/api/v1/logs?limit=100&offset=400	20	0	900	4000	4000	1401.73	379	3976	47	0.1	0
GET	/api/v1/logs?limit=100&offset=401	18	0	870	3000	3000	1156.76	20	3022	47	0	0
GET	/api/v1/logs?limit=100&offset=402	20	0	830	3600	3600	1123.18	163	3570	47	0	0
GET	/api/v1/logs?limit=100&offset=403	22	0	690	1500	3700	860.69	28	3696	47	0	0
GET	/api/v1/logs?limit=100&offset=404	17	0	700	2400	2400	872.66	35	2396	47	0.1	0
GET	/api/v1/logs?limit=100&offset=405	19	0	780	2100	2100	898.45	168	2101	47	0.2	0
GET	/api/v1/logs?limit=100&offset=406	20	0	750	3300	3300	1192.78	449	3337	47	0.1	0
GET	/api/v1/logs?limit=100&offset=407	21	0	1100	2900	3300	1317.76	299	3348	47	0.1	0
GET	/api/v1/logs?limit=100&offset=408	18	0	900	2900	2900	1246.87	322	2895	47	0	0
GET	/api/v1/logs?limit=100&offset=409	17	0	830	2700	2700	1064.92	224	2663	47	0.3	0
GET	/api/v1/logs?limit=100&offset=41	22	0	1000	3000	3000	1245.49	128	3028	17564	0	0
GET	/api/v1/logs?limit=100&offset=410	22	0	850	3200	3300	1251.25	338	3295	47	0	0
GET	/api/v1/logs?limit=100&offset=411	17	0	790	3000	3000	1108.47	289	3005	47	0.2	0
GET	/api/v1/logs?limit=100&offset=412	16	0	730	2600	2600	1077.54	126	2597	47	0	0
GET	/api/v1/logs?limit=100&offset=413	13	0	860	3000	3000	1069.11	517	2973	47	0.2	0
GET	/api/v1/logs?limit=100&offset=414	17	0	740	1500	1500	768.04	292	1547	47	0.1	0
GET	/api/v1/logs?limit=100&offset=415	25	0	810	3400	4200	1298.93	60	4238	47	0.2	0
GET	/api/v1/logs?limit=100&offset=416	23	0	760	3400	3400	1292.88	58	3398	47	0.1	0
GET	/api/v1/logs?limit=100&offset=417	24	0	860	2400	3800	1178.3	118	3807	47	0.1	0
GET	/api/v1/logs?limit=100&offset=418	12	0	870	3800	3800	1336.74	515	3821	47	0.2	0
GET	/api/v1/logs?limit=100&offset=419	22	0	860	3900	8800	1656.83	94	8774	47	0.1	0
GET	/api/v1/logs?limit=100&offset=42	25	0	1000	2800	4200	1141.63	166	4178	17048	0	0
GET	/api/v1/logs?limit=100&offset=420	17	0	1300	3000	3000	1421.07	124	2987	47	0	0
GET	/api/v1/logs?limit=100&offset=421	16	0	940	3900	3900	1184.72	206	3888	47	0.1	0
GET	/api/v1/logs?limit=100&offset=422	29	0	1000	2400	3500	1184.36	303	3488	47	0.2	0
GET	/api/v1/logs?limit=100&offset=423	13	0	990	2700	2700	1190.66	518	2694	47	0	0
GET	/api/v1/logs?limit=100&offset=424	16	0	810	4700	4700	1369.04	236	4685	47	0	0
GET	/api/v1/logs?limit=100&offset=425	24	0	820	3200	3400	1155.35	55	3446	47	0.1	0
GET	/api/v1/logs?limit=100&offset=426	22	0	1000	2900	3100	1285.3	419	3077	47	0.1	0
GET	/api/v1/logs?limit=100&offset=427	22	0	860	3800	4100	1326.32	437	4058	47	0.2	0
GET	/api/v1/logs?limit=100&offset=428	15	0	810	4200	4200	1479.9	283	4190	47	0	0
GET	/api/v1/logs?limit=100&offset=429	17	0	1000	1700	1700	1031.44	587	1676	47	0.2	0
GET	/api/v1/logs?limit=100&offset=43	22	0	1000	2300	3200	1182.67	353	3243	16524	0.1	0
GET	/api/v1/logs?limit=100&offset=430	16	0	860	3900	3900	1158.74	304	3906	47	0	0
GET	/api/v1/logs?limit=100&offset=431	18	0	990	2700	2700	1300.77	576	2723	47	0	0
GET	/api/v1/logs?limit=100&offset=432	26	0	820	3200	3700	1246.43	183	3710	47	0	0
GET	/api/v1/logs?limit=100&offset=433	13	0	940	2200	2200	1023.96	422	2239	47	0	0
GET	/api/v1/logs?limit=100&offset=434	15	0	1600	2400	2400	1480.9	398	2420	47	0	0
GET	/api/v1/logs?limit=100&offset=435	21	0	1300	2600	4500	1391.93	411	4484	47	0	0
GET	/api/v1/logs?limit=100&offset=436	25	0	780	2400	3700	978.22	292	3746	47	0.3	0
GET	/api/v1/logs?limit=100&offset=437	21	0	780	2500	3400	1054.4	299	3416	47	0.2	0
GET	/api/v1/logs?limit=100&offset=438	12	0	800	2700	2700	1154.41	156	2656	47	0.1	0
GET	/api/v1/logs?limit=100&offset=439	25	0	840	2000	2400	951.03	360	2354	47	0.1	0
GET	/api/v1/logs?limit=100&offset=44	13	0	1100	2300	2300	1148.38	474	2349	16030	0.1	0
GET	/api/v1/logs?limit=100&offset=440	17	0	740	3100	3100	984.28	2	3052	47	0.1	0
GET	/api/v1/logs?limit=100&offset=441	14	0	1000	3800	3800	1348.13	159	3798	47	0	0
GET	/api/v1/logs?limit=100&offset=442	20	0	960	3700	3700	1504.92	310	3742	47	0.2	0
GET	/api/v1/logs?limit=100&offset=443	18	0	830	1100	1100	740.84	224	1061	47	0.1	0
GET	/api/v1/logs?limit=100&offset=444	17	0	960	2400	2400	1201.29	206	2384	47	0.4	0
GET	/api/v1/logs?limit=100&offset=445	32	0	840	3100	3800	1226.25	284	3820	47	0.7	0
GET	/api/v1/logs?limit=100&offset=446	20	0	870	2400	2400	956.19	77	2438	47	0.1	0
GET	/api/v1/logs?limit=100&offset=447	20	0	830	3200	3200	1116.2	113	3215	47	0	0
GET	/api/v1/logs?limit=100&offset=448	22	0	850	3000	3000	1263.02	132	3040	47	0	0
GET	/api/v1/logs?limit=100&offset=449	15	0	800	3300	3300	1254.24	120	3263	47	0.1	0
GET	/api/v1/logs?limit=100&offset=45	15	0	840	2200	2200	1009.76	391	2227	15522	0	0
GET	/api/v1/logs?limit=100&offset=450	12	0	790	1900	1900	956.06	417	1886	47	0	0
GET	/api/v1/logs?limit=100&offset=451	16	0	870	5000	5000	1440.9	73	5003	47	0.2	0
GET	/api/v1/logs?limit=100&offset=452	17	0	950	1900	1900	948.59	204	1889	47	0.3	0
GET	/api/v1/logs?limit=100&offset=453	19	0	890	4400	4400	1337.82	402	4401	47	0.1	0
GET	/api/v1/logs?limit=100&offset=454	19	0	1100	3000	3000	1436.77	294	2982	47	0	0
GET	/api/v1/logs?limit=100&offset=455	19	0	790	3000	3000	1172.35	20	2995	47	0.1	0
GET	/api/v1/logs?limit=100&offset=456	19	0	1000	3900	3900	1070.08	119	3904	47	0	0
GET	/api/v1/logs?limit=100&offset=457	15	0	1000	4300	4300	1487.88	308	4287	47	0	0
GET	/api/v1/logs?limit=100&offset=458	21	0	770	2200	3800	1226.72	433	3806	47	0	0
GET	/api/v1/logs?limit=100&offset=459	22	0	850	2600	3300	1191.99	135	3334	47	0	0
GET	/api/v1/logs?limit=100&offset=46	22	0	870	2700	3400	1284.55	607	3402	15077	0.3	0
GET	/api/v1/logs?limit=100&offset=460	19	0	880	3400	3400	1011.74	155	3381	47	0	0
GET	/api/v1/logs?limit=100&offset=461	22	0	720	2500	4100	1103.2	244	4090	47	0	0
GET	/api/v1/logs?limit=100&offset=462	16	0	720	1900	1900	1063.58	318	1943	47	0.1	0
GET	/api/v1/logs?limit=100&offset=463	17	0	700	2400	2400	903.68	167	2418	47	0	0
GET	/api/v1/logs?limit=100&offset=464	20	0	790	2400	2400	964.39	433	2428	47	0.2	0
GET	/api/v1/logs?limit=100&offset=465	15	0	660	2100	2100	882.65	147	2138	47	0	0
GET	/api/v1/logs?limit=100&offset=466	21	0	870	3400	3400	1308.56	298	3370	47	0.1	0
GET	/api/v1/logs?limit=100&offset=467	12	0	1500	3500	3500	1750.84	553	3480	47	0	0
GET	/api/v1/logs?limit=100&offset=468	25	0	930	2800	3300	1135.28	326	3259	47	0	0
GET	/api/v1/logs?limit=100&offset=469	19	0	760	2500	2500	953.65	161	2543	47	0.1	0
GET	/api/v1/logs?limit=100&offset=47	19	0	780	2800	2800	1223.51	417	2785	14597	0	0
GET	/api/v1/logs?limit=100&offset=470	18	0	740	2300	2300	956.7	102	2321	47	0	0
GET	/api/v1/logs?limit=100&offset=471	18	0	750	3100	3100	962.85	204	3118	47	0.1	0
GET	/api/v1/logs?limit=100&offset=472	20	0	950	3200	3200	1370.53	539	3209	47	0.2	0
GET	/api/v1/logs?limit=100&offset=473	19	0	620	3000	3000	990.65	28	3008	47	0.1	0
GET	/api/v1/logs?limit=100&offset=474	17	0	910	3300	3300	1155.09	131	3264	47	0.1	0
GET	/api/v1/logs?limit=100&offset=475	18	0	830	3300	3300	1266.07	71	3304	47	0.1	0
GET	/api/v1/logs?limit=100&offset=476	13	0	800	2600	2600	1227.75	469	2584	47	0	0
GET	/api/v1/logs?limit=100&offset=477	23	0	1200	4000	4400	1626.55	294	4391	47	0	0
GET	/api/v1/logs?limit=100&offset=478	19	0	770	3000	3000	958.92	306	3016	47	0.1	0
GET	/api/v1/logs?limit=100&offset=479	28	0	840	2600	4900	1162.82	344	4894	47	0.1	0
GET	/api/v1/logs?limit=100&offset=48	15	0	1000	1800	1800	987.55	89	1789	13947	0.1	0
GET	/api/v1/logs?limit=100&offset=480	14	0	760	5100	5100	1373.41	594	5073	47	0.2	0
GET	/api/v1/logs?limit=100&offset=481	23	0	850	2500	2500	1113.04	91	2473	47	0	0
GET	/api/v1/logs?limit=100&offset=482	25	0	1000	2700	6000	1354.93	137	5959	47	0.1	0
GET	/api/v1/logs?limit=100&offset=483	11	0	800	4100	4100	1360.38	543	4111	47	0.1	0
GET	/api/v1/logs?limit=100&offset=484	12	0	910	5300	5300	1590.41	155	5284	47	0	0
GET	/api/v1/logs?limit=100&offset=485	13	0	1000	3500	3500	1325.01	382	3536	47	0.1	0
GET	/api/v1/logs?limit=100&offset=486	13	0	700	5200	5200	1572.78	63	5243	47	0.1	0
GET	/api/v1/logs?limit=100&offset=487	19	0	790	2900	2900	870.58	84	2933	47	0.2	0
GET	/api/v1/logs?limit=100&offset=488	29	0	1000	2400	3300	1172.98	111	3274	47	0.1	0
GET	/api/v1/logs?limit=100&offset=489	27	0	790	3100	3700	1139.4	119	3672	47	0.4	0
GET	/api/v1/logs?limit=100&offset=49	16	0	920	3400	3400	1204.3	281	3369	13281	0	0
GET	/api/v1/logs?limit=100&offset=490	13	0	940	2700	2700	1327.82	638	2660	47	0.1	0
GET	/api/v1/logs?limit=100&offset=491	13	0	860	3100	3100	1130.72	237	3133	47	0	0
GET	/api/v1/logs?limit=100&offset=492	18	0	1300	4000	4000	1322.87	103	4009	47	0.2	0
GET	/api/v1/logs?limit=100&offset=493	20	0	840	3700	3700	1057.73	293	3716	47	0	0
GET	/api/v1/logs?limit=100&offset=494	12	0	620	1700	1700	770.86	53	1727	47	0	0
GET	/api/v1/logs?limit=100&offset=495	15	0	820	2000	2000	898.28	182	1985	47	0.1	0
GET	/api/v1/logs?limit=100&offset=496	14	0	1300	3700	3700	1723.02	620	3747	47	0.1	0
GET	/api/v1/logs?limit=100&offset=497	25	0	780	2900	3400	894.58	74	3372	47	0.5	0
GET	/api/v1/logs?limit=100&offset=498	7	0	1100	3200	3200	1389.56	387	3203	47	0	0
GET	/api/v1/logs?limit=100&offset=499	15	0	790	1900	1900	933.04	34	1897	47	0.1	0
GET	/api/v1/logs?limit=100&offset=5	17	0	1000	2900	2900	1260.09	212	2899	35107	0.1	0
GET	/api/v1/logs?limit=100&offset=50	13	0	1000	3100	3100	1342.95	151	3073	12641	0.1	0
GET	/api/v1/logs?limit=100&offset=500	10	0	880	3300	3300	1430.91	585	3275	47	0	0
GET	/api/v1/logs?limit=100&offset=501	16	0	710	1400	1400	737.02	368	1365	47	0	0
GET	/api/v1/logs?limit=100&offset=502	25	0	920	3100	4200	1282.55	184	4196	47	0.4	0
GET	/api/v1/logs?limit=100&offset=503	18	0	880	3700	3700	1035.77	72	3720	47	0	0
GET	/api/v1/logs?limit=100&offset=504	20	0	670	2500	2500	895.29	255	2492	47	0.1	0
GET	/api/v1/logs?limit=100&offset=505	16	0	790	2500	2500	979.18	232	2457	47	0.3	0
GET	/api/v1/logs?limit=100&offset=506	18	0	1100	2700	2700	1282.23	598	2740	47	0	0
GET	/api/v1/logs?limit=100&offset=507	17	0	760	2900	2900	1100.3	102	2876	47	0	0
GET	/api/v1/logs?limit=100&offset=508	17	0	1400	4300	4300	1922.12	550	4258	47	0.2	0
GET	/api/v1/logs?limit=100&offset=509	14	0	760	2800	2800	1068.97	282	2798	47	0	0
GET	/api/v1/logs?limit=100&offset=51	22	0	830	3500	3500	1311.02	185	3509	12015	0.1	0
GET	/api/v1/logs?limit=100&offset=510	19	0	1100	3900	3900	1417.22	576	3885	47	0.1	0
GET	/api/v1/logs?limit=100&offset=511	19	0	710	3100	3100	989.56	88	3134	47	0.1	0
GET	/api/v1/logs?limit=100&offset=512	23	0	790	1700	2200	941.53	294	2198	47	0.1	0
GET	/api/v1/logs?limit=100&offset=513	19	0	800	3800	3800	992.14	320	3787	47	0.3	0
GET	/api/v1/logs?limit=100&offset=514	16	0	910	3300	3300	1322.24	226	3266	47	0.2	0
GET	/api/v1/logs?limit=100&offset=515	12	0	620	2400	2400	839.38	229	2390	47	0	0
GET	/api/v1/logs?limit=100&offset=516	22	0	780	2400	2700	1083.16	58	2690	47	0	0
GET	/api/v1/logs?limit=100&offset=517	14	0	870	3100	3100	1136.82	221	3076	47	0.1	0
GET	/api/v1/logs?limit=100&offset=518	14	0	810	2200	2200	887.57	348	2248	47	0.1	0
GET	/api/v1/logs?limit=100&offset=519	19	0	840	2400	2400	1034.19	521	2391	47	0.1	0
GET	/api/v1/logs?limit=100&offset=52	20	0	810	3100	3100	1192.15	325	3136	11275	0.1	0
GET	/api/v1/logs?limit=100&offset=520	23	0	800	1700	2300	926.53	169	2276	47	0	0
GET	/api/v1/logs?limit=100&offset=521	17	0	770	4500	4500	1069.85	104	4518	47	0	0
GET	/api/v1/logs?limit=100&offset=522	16	0	870	2500	2500	1046.77	471	2533	47	0.1	0
GET	/api/v1/logs?limit=100&offset=523	25	0	760	1900	2400	930.15	334	2417	47	0	0
GET	/api/v1/logs?limit=100&offset=524	23	0	930	2900	3800	1215.46	322	3779	47	0	0
GET	/api/v1/logs?limit=100&offset=525	14	0	790	6100	6100	1220.67	176	6066	47	0	0
GET	/api/v1/logs?limit=100&offset=526	26	0	820	2700	4600	1311.97	180	4566	47	0.4	0
GET	/api/v1/logs?limit=100&offset=527	13	0	860	2600	2600	1214.55	271	2581	47	0.1	0
GET	/api/v1/logs?limit=100&offset=528	21	0	880	2600	3300	1030.71	333	3337	47	0.2	0
GET	/api/v1/logs?limit=100&offset=529	11	0	800	1800	1800	1017.57	535	1787	47	0.1	0
GET	/api/v1/logs?limit=100&offset=53	13	0	860	4200	4200	1277.09	108	4244	10823	0	0
GET	/api/v1/logs?limit=100&offset=530	20	0	830	3300	3300	1357.84	344	3307	47	0	0
GET	/api/v1/logs?limit=100&offset=531	25	0	920	2100	2500	1088.25	301	2494	47	0.1	0
GET	/api/v1/logs?limit=100&offset=532	10	0	690	2600	2600	1100.94	480	2594	47	0.1	0
GET	/api/v1/logs?limit=100&offset=533	16	0	960	3000	3000	1281.29	429	2957	47	0.1	0
GET	/api/v1/logs?limit=100&offset=534	15	0	910	2600	2600	1236.68	485	2585	47	0.1	0
GET	/api/v1/logs?limit=100&offset=535	15	0	700	3200	3200	959	57	3235	47	0	0
GET	/api/v1/logs?limit=100&offset=536	16	0	760	2500	2500	1002.91	82	2478	47	0.1	0
GET	/api/v1/logs?limit=100&offset=537	19	0	1100	3500	3500	1252.83	507	3471	47	0	0
GET	/api/v1/logs?limit=100&offset=538	12	0	810	1000	1000	772.11	414	1047	47	0	0
GET	/api/v1/logs?limit=100&offset=539	22	0	690	1500	1600	714.9	175	1613	47	0.3	0
	Aggregated	308024	0	700	2700	4200	929.88	1	16481	3356.83	1585.1	0
